component_id,package_id,component_type,entity_type,entity_id,day_index,slot,title,quantity,price_delta,currency,is_optional,is_swappable,swap_group,updated_at
pcm_fd8dc0e5,pkg_2d89ae17,hotel,hotel,htl_245a6528,1,afternoon,The Old Niwas & Spa,1,3043.88,INR,0,1,hotel_ae17,2026-08-18T10:00:00+05:30
pcm_8e7f4c8c,pkg_2d89ae17,poi,poi,poi_a7aaf961,1,morning,Butterfly Reserve,1,262.71,INR,0,1,poi_ae17,2026-08-18T10:00:00+05:30
pcm_b2263094,pkg_2d89ae17,poi,poi,poi_f10b95a4,2,evening,Butterfly Reserve,1,768.16,INR,0,1,poi_ae17,2026-08-18T10:00:00+05:30
pcm_e064d672,pkg_2d89ae17,transfer,,,2,overnight,Airport transfer,1,1447.50,INR,0,1,,2026-08-18T10:00:00+05:30
pcm_dd5302fd,pkg_2d89ae17,guide,,,3,overnight,Local guide (half day),1,1853.37,INR,1,1,guide_ae17,2026-08-18T10:00:00+05:30
pcm_5fe02b33,pkg_2d89ae17,meal,,,3,evening,Dinner at a local kitchen,1,1174.51,INR,1,0,,2026-08-18T10:00:00+05:30
pcm_a5b68ad8,pkg_2d89ae17,entry_ticket,,,4,evening,Monument entry tickets,1,548.54,INR,1,0,,2026-08-18T10:00:00+05:30
pcm_8ba7bd41,pkg_9653fa98,hotel,hotel,htl_afcb3490,1,morning,Amber Regency Resort,1,5887.01,NPR,0,1,hotel_fa98,2026-08-18T10:00:00+05:30
pcm_deb52aee,pkg_9653fa98,poi,poi,poi_a010c1ba,1,morning,Backwater Channel,1,628.07,NPR,0,1,poi_fa98,2026-08-18T10:00:00+05:30
pcm_82cc1aba,pkg_9653fa98,poi,poi,poi_e784aeca,2,morning,Night Food Bazaar,1,890.14,NPR,0,1,poi_fa98,2026-08-18T10:00:00+05:30
pcm_5ba2a548,pkg_9653fa98,transfer,,,2,evening,Airport transfer,1,1680.19,NPR,0,1,,2026-08-18T10:00:00+05:30
pcm_f1969dfb,pkg_9653fa98,guide,,,3,overnight,Local guide (half day),1,4168.05,NPR,1,1,guide_fa98,2026-08-18T10:00:00+05:30
pcm_1d02b419,pkg_9653fa98,meal,,,3,overnight,Dinner at a local kitchen,1,1736.80,NPR,1,0,,2026-08-18T10:00:00+05:30
pcm_01746da7,pkg_9653fa98,entry_ticket,,,3,evening,Monument entry tickets,1,748.88,NPR,1,0,,2026-08-18T10:00:00+05:30
pcm_949cbedc,pkg_118c6914,hotel,hotel,htl_134fd9ab,1,morning,Heritage Orchard Inn,1,3122.27,INR,0,1,hotel_6914,2026-08-18T10:00:00+05:30
pcm_01a1529d,pkg_118c6914,poi,poi,poi_3a505801,1,afternoon,Bhubaneswar Observatory,1,481.11,INR,0,1,poi_6914,2026-08-18T10:00:00+05:30
pcm_b1b17269,pkg_118c6914,poi,poi,poi_abed8837,2,morning,Riverside Lounge,1,581.95,INR,0,1,poi_6914,2026-08-18T10:00:00+05:30
pcm_55719195,pkg_118c6914,transfer,,,2,afternoon,Airport transfer,1,1364.90,INR,0,1,,2026-08-18T10:00:00+05:30
pcm_31f63661,pkg_118c6914,guide,,,3,morning,Local guide (half day),1,3010.51,INR,1,1,guide_6914,2026-08-18T10:00:00+05:30
pcm_6d0726ea,pkg_118c6914,meal,,,3,afternoon,Dinner at a local kitchen,1,1003.35,INR,1,0,,2026-08-18T10:00:00+05:30
pcm_4bcc429c,pkg_118c6914,entry_ticket,,,4,evening,Monument entry tickets,1,414.89,INR,1,0,,2026-08-18T10:00:00+05:30
pcm_ee6314cc,pkg_c3711737,hotel,hotel,htl_52debcee,1,afternoon,Villa Regency & Spa,1,3219.02,INR,0,1,hotel_1737,2026-08-18T10:00:00+05:30
pcm_2a11889c,pkg_c3711737,poi,poi,poi_a1b45daa,1,evening,Cliff Walk,1,372.23,INR,0,1,poi_1737,2026-08-18T10:00:00+05:30
pcm_57fdef8a,pkg_c3711737,poi,poi,poi_8016ef2b,2,evening,Cycling Loop,1,756.43,INR,0,1,poi_1737,2026-08-18T10:00:00+05:30
pcm_ed3ec22d,pkg_c3711737,transfer,,,2,afternoon,Airport transfer,1,1319.29,INR,0,1,,2026-08-18T10:00:00+05:30
pcm_fb9a0c14,pkg_c3711737,guide,,,3,afternoon,Local guide (half day),1,3872.42,INR,1,1,guide_1737,2026-08-18T10:00:00+05:30
pcm_004d38af,pkg_c3711737,meal,,,3,morning,Dinner at a local kitchen,1,626.41,INR,1,0,,2026-08-18T10:00:00+05:30
pcm_51c5767a,pkg_c3711737,entry_ticket,,,4,morning,Monument entry tickets,1,602.20,INR,1,0,,2026-08-18T10:00:00+05:30
pcm_ec1d8308,pkg_55b62f9c,hotel,hotel,htl_14e0ebdc,1,overnight,Hillview Bagh Resort,1,1792.30,INR,0,1,hotel_2f9c,2026-08-18T10:00:00+05:30
pcm_d42a4e43,pkg_55b62f9c,poi,poi,poi_3c7df950,1,morning,Ayurveda Centre,1,612.59,INR,0,1,poi_2f9c,2026-08-18T10:00:00+05:30
pcm_7372e0ab,pkg_55b62f9c,poi,poi,poi_3c7df950,2,morning,Ayurveda Centre,1,454.30,INR,0,1,poi_2f9c,2026-08-18T10:00:00+05:30
pcm_2d0257e9,pkg_55b62f9c,transfer,,,2,overnight,Airport transfer,1,1180.48,INR,0,1,,2026-08-18T10:00:00+05:30
pcm_7ce59974,pkg_55b62f9c,guide,,,3,afternoon,Local guide (half day),1,2940.47,INR,1,1,guide_2f9c,2026-08-18T10:00:00+05:30
pcm_04a8d471,pkg_55b62f9c,meal,,,3,afternoon,Dinner at a local kitchen,1,835.06,INR,1,0,,2026-08-18T10:00:00+05:30
pcm_f1d67ce4,pkg_55b62f9c,entry_ticket,,,4,overnight,Monument entry tickets,1,437.18,INR,1,0,,2026-08-18T10:00:00+05:30
pcm_ce7b55cc,pkg_8bacdecf,hotel,hotel,htl_f73ed585,1,evening,Lake Nest Suites,1,32.41,CHF,0,1,hotel_decf,2026-08-18T10:00:00+05:30
pcm_74bdc203,pkg_8bacdecf,poi,poi,poi_6a47f431,1,morning,Riverside Lounge,1,6.57,CHF,0,1,poi_decf,2026-08-18T10:00:00+05:30
pcm_db86d19c,pkg_8bacdecf,poi,poi,poi_e42ee142,2,evening,Rock Garden,1,3.78,CHF,0,1,poi_decf,2026-08-18T10:00:00+05:30
pcm_91720259,pkg_8bacdecf,transfer,,,2,evening,Airport transfer,1,8.28,CHF,0,1,,2026-08-18T10:00:00+05:30
pcm_ff8b7975,pkg_8bacdecf,guide,,,3,overnight,Local guide (half day),1,26.83,CHF,1,1,guide_decf,2026-08-18T10:00:00+05:30
pcm_cb8502ec,pkg_8bacdecf,meal,,,3,morning,Dinner at a local kitchen,1,10.37,CHF,1,0,,2026-08-18T10:00:00+05:30
pcm_6f5cc43a,pkg_8bacdecf,entry_ticket,,,4,afternoon,Monument entry tickets,1,3.31,CHF,1,0,,2026-08-18T10:00:00+05:30
pcm_1ca0761e,pkg_3577c6e8,hotel,hotel,htl_885db404,1,overnight,Riverside Bungalow Suites,1,202.27,AED,0,1,hotel_c6e8,2026-08-18T10:00:00+05:30
pcm_5134a125,pkg_3577c6e8,poi,poi,poi_7d1dd83c,1,morning,Cycling Loop,1,22.97,AED,0,1,poi_c6e8,2026-08-18T10:00:00+05:30
pcm_d8e38665,pkg_3577c6e8,poi,poi,poi_6be08c1c,2,morning,Antique Lane,1,30.30,AED,0,1,poi_c6e8,2026-08-18T10:00:00+05:30
pcm_16a92b4a,pkg_3577c6e8,transfer,,,2,evening,Airport transfer,1,36.69,AED,0,1,,2026-08-18T10:00:00+05:30
pcm_97cceb4f,pkg_3577c6e8,guide,,,3,afternoon,Local guide (half day),1,93.55,AED,1,1,guide_c6e8,2026-08-18T10:00:00+05:30
pcm_4e8aedae,pkg_3577c6e8,meal,,,3,evening,Dinner at a local kitchen,1,19.60,AED,1,0,,2026-08-18T10:00:00+05:30
pcm_f462b38f,pkg_3577c6e8,entry_ticket,,,4,afternoon,Monument entry tickets,1,11.29,AED,1,0,,2026-08-18T10:00:00+05:30
pcm_725884c8,pkg_f2d745d6,hotel,hotel,htl_c8a743dd,1,evening,Indigo Verandah Homestay,1,3227.11,INR,0,1,hotel_45d6,2026-08-18T10:00:00+05:30
pcm_0d0e2deb,pkg_f2d745d6,poi,poi,poi_8ea44859,1,morning,Hot Springs,1,525.96,INR,0,1,poi_45d6,2026-08-18T10:00:00+05:30
pcm_58c79519,pkg_f2d745d6,poi,poi,poi_ec6f466f,2,morning,Riverside Lounge,1,367.84,INR,0,1,poi_45d6,2026-08-18T10:00:00+05:30
pcm_b615142a,pkg_f2d745d6,transfer,,,2,evening,Airport transfer,1,1162.96,INR,0,1,,2026-08-18T10:00:00+05:30
pcm_e23f433f,pkg_f2d745d6,guide,,,3,overnight,Local guide (half day),1,3061.92,INR,1,1,guide_45d6,2026-08-18T10:00:00+05:30
pcm_6b29be94,pkg_f2d745d6,meal,,,3,afternoon,Dinner at a local kitchen,1,559.34,INR,1,0,,2026-08-18T10:00:00+05:30
pcm_80960004,pkg_f2d745d6,entry_ticket,,,4,afternoon,Monument entry tickets,1,455.04,INR,1,0,,2026-08-18T10:00:00+05:30
pcm_f9307fd9,pkg_da371460,hotel,hotel,htl_34abcc09,1,afternoon,Villa Palms by the Lake,1,4365.38,INR,0,1,hotel_1460,2026-08-18T10:00:00+05:30
pcm_9e61cd90,pkg_da371460,poi,poi,poi_f069d484,1,overnight,Rooftop Live Music,1,481.55,INR,0,1,poi_1460,2026-08-18T10:00:00+05:30
pcm_9ca8e282,pkg_da371460,poi,poi,poi_a2b2ebb4,2,evening,"Jazz Cellar, Amritsar",1,352.95,INR,0,1,poi_1460,2026-08-18T10:00:00+05:30
pcm_758e0cef,pkg_da371460,transfer,,,2,morning,Airport transfer,1,1476.52,INR,0,1,,2026-08-18T10:00:00+05:30
pcm_92e4bcc2,pkg_da371460,guide,,,3,afternoon,Local guide (half day),1,3553.10,INR,1,1,guide_1460,2026-08-18T10:00:00+05:30
pcm_5e8e606b,pkg_da371460,meal,,,3,afternoon,Dinner at a local kitchen,1,476.39,INR,1,0,,2026-08-18T10:00:00+05:30
pcm_7999ea2e,pkg_da371460,entry_ticket,,,3,morning,Monument entry tickets,1,462.43,INR,1,0,,2026-08-18T10:00:00+05:30
pcm_5a358a01,pkg_45ba1e27,hotel,hotel,htl_b36fd517,1,evening,Garden Vihar Suites,1,2172.78,INR,0,1,hotel_1e27,2026-08-18T10:00:00+05:30
pcm_1d1ddacf,pkg_45ba1e27,poi,poi,poi_d85873d4,1,evening,Ridge Lookout,1,768.32,INR,0,1,poi_1e27,2026-08-18T10:00:00+05:30
pcm_cf42af3d,pkg_45ba1e27,poi,poi,poi_d85873d4,2,evening,Ridge Lookout,1,319.24,INR,0,1,poi_1e27,2026-08-18T10:00:00+05:30
pcm_119283de,pkg_45ba1e27,transfer,,,2,afternoon,Airport transfer,1,1413.25,INR,0,1,,2026-08-18T10:00:00+05:30
pcm_c049ee07,pkg_45ba1e27,guide,,,3,afternoon,Local guide (half day),1,2047.16,INR,1,1,guide_1e27,2026-08-18T10:00:00+05:30
pcm_13f4b6ef,pkg_45ba1e27,meal,,,3,evening,Dinner at a local kitchen,1,1044.35,INR,1,0,,2026-08-18T10:00:00+05:30
pcm_4b660bd6,pkg_45ba1e27,entry_ticket,,,4,overnight,Monument entry tickets,1,331.28,INR,1,0,,2026-08-18T10:00:00+05:30
pcm_73acf158,pkg_3a0c7fc4,hotel,hotel,htl_81469f7e,1,evening,Lake Meadows Inn,1,7987.67,LKR,0,1,hotel_7fc4,2026-08-18T10:00:00+05:30
pcm_fb9c3ad7,pkg_3a0c7fc4,poi,poi,poi_e607799f,1,overnight,Ridge Lookout,1,1898.24,LKR,0,1,poi_7fc4,2026-08-18T10:00:00+05:30
pcm_398af528,pkg_3a0c7fc4,poi,poi,poi_3253659e,2,overnight,Colombo Bird Sanctuary,1,1610.01,LKR,0,1,poi_7fc4,2026-08-18T10:00:00+05:30
pcm_be63a0d1,pkg_3a0c7fc4,transfer,,,2,morning,Airport transfer,1,4602.75,LKR,0,1,,2026-08-18T10:00:00+05:30
pcm_c1155971,pkg_3a0c7fc4,guide,,,3,morning,Local guide (half day),1,10207.26,LKR,1,1,guide_7fc4,2026-08-18T10:00:00+05:30
pcm_0aa37f3c,pkg_3a0c7fc4,meal,,,3,overnight,Dinner at a local kitchen,1,3726.55,LKR,1,0,,2026-08-18T10:00:00+05:30
pcm_f1801cf1,pkg_3a0c7fc4,entry_ticket,,,4,overnight,Monument entry tickets,1,1070.92,LKR,1,0,,2026-08-18T10:00:00+05:30
pcm_489e2bc3,pkg_8490fdc4,hotel,hotel,htl_94be8798,1,overnight,Indigo Regency Inn,1,60.22,QAR,0,1,hotel_fdc4,2026-08-18T10:00:00+05:30
pcm_294c9e15,pkg_8490fdc4,poi,poi,poi_ae2101df,1,overnight,Hot Springs,1,28.24,QAR,0,1,poi_fdc4,2026-08-18T10:00:00+05:30
pcm_3d06d50d,pkg_8490fdc4,poi,poi,poi_f5306b2a,2,morning,Watchtower Terrace,1,20.96,QAR,0,1,poi_fdc4,2026-08-18T10:00:00+05:30
pcm_737bb9c8,pkg_8490fdc4,transfer,,,2,morning,Airport transfer,1,40.05,QAR,0,1,,2026-08-18T10:00:00+05:30
pcm_46128ab7,pkg_8490fdc4,guide,,,3,overnight,Local guide (half day),1,51.13,QAR,1,1,guide_fdc4,2026-08-18T10:00:00+05:30
pcm_ca1a3545,pkg_8490fdc4,meal,,,3,overnight,Dinner at a local kitchen,1,45.92,QAR,1,0,,2026-08-18T10:00:00+05:30
pcm_ec4a9292,pkg_8490fdc4,entry_ticket,,,4,overnight,Monument entry tickets,1,21.42,QAR,1,0,,2026-08-18T10:00:00+05:30
pcm_e3116881,pkg_3ab55321,hotel,hotel,htl_488b1796,1,overnight,Hotel Manor Boutique Stay,1,50.09,SGD,0,1,hotel_5321,2026-08-18T10:00:00+05:30
pcm_ecbc54df,pkg_3ab55321,poi,poi,poi_ab7dc80e,1,morning,Maritime Museum,1,12.08,SGD,0,1,poi_5321,2026-08-18T10:00:00+05:30
pcm_271f0972,pkg_3ab55321,poi,poi,poi_055ec68f,2,morning,Rooftop Live Music,1,6.56,SGD,0,1,poi_5321,2026-08-18T10:00:00+05:30
pcm_75851722,pkg_3ab55321,transfer,,,2,overnight,Airport transfer,1,15.02,SGD,0,1,,2026-08-18T10:00:00+05:30
pcm_c46e3ba5,pkg_3ab55321,guide,,,3,overnight,Local guide (half day),1,35.78,SGD,1,1,guide_5321,2026-08-18T10:00:00+05:30
pcm_f7c02515,pkg_3ab55321,meal,,,3,afternoon,Dinner at a local kitchen,1,17.05,SGD,1,0,,2026-08-18T10:00:00+05:30
pcm_fb674be1,pkg_3ab55321,entry_ticket,,,4,morning,Monument entry tickets,1,3.71,SGD,1,0,,2026-08-18T10:00:00+05:30
pcm_f06a05ee,pkg_58440188,hotel,hotel,htl_9643ee61,1,afternoon,Riverside Mahal Homestay,1,2459.85,INR,0,1,hotel_0188,2026-08-18T10:00:00+05:30
pcm_9bb94de3,pkg_58440188,poi,poi,poi_5aecab7a,1,evening,Maritime Museum,1,673.44,INR,0,1,poi_0188,2026-08-18T10:00:00+05:30
pcm_e9d4a592,pkg_58440188,poi,poi,poi_216c247f,2,evening,Cycling Loop,1,406.65,INR,0,1,poi_0188,2026-08-18T10:00:00+05:30
pcm_22591ccc,pkg_58440188,transfer,,,2,morning,Airport transfer,1,676.03,INR,0,1,,2026-08-18T10:00:00+05:30
pcm_bdd3a83d,pkg_58440188,guide,,,3,overnight,Local guide (half day),1,3564.95,INR,1,1,guide_0188,2026-08-18T10:00:00+05:30
pcm_33ed8d6a,pkg_58440188,meal,,,3,morning,Dinner at a local kitchen,1,407.11,INR,1,0,,2026-08-18T10:00:00+05:30
pcm_cee91788,pkg_58440188,entry_ticket,,,4,overnight,Monument entry tickets,1,447.86,INR,1,0,,2026-08-18T10:00:00+05:30
pcm_832205e2,pkg_23879f6a,hotel,hotel,htl_e3c2d87b,1,overnight,Royal Orchard Heritage,1,1498.61,INR,0,1,hotel_9f6a,2026-08-18T10:00:00+05:30
pcm_d6b2a88b,pkg_23879f6a,poi,poi,poi_856c354e,1,morning,North Beach,1,718.64,INR,0,1,poi_9f6a,2026-08-18T10:00:00+05:30
pcm_d3f981c6,pkg_23879f6a,poi,poi,poi_856c354e,2,overnight,North Beach,1,538.40,INR,0,1,poi_9f6a,2026-08-18T10:00:00+05:30
pcm_81b59b40,pkg_23879f6a,transfer,,,2,morning,Airport transfer,1,1551.33,INR,0,1,,2026-08-18T10:00:00+05:30
pcm_e7a7915c,pkg_23879f6a,guide,,,3,evening,Local guide (half day),1,2610.74,INR,1,1,guide_9f6a,2026-08-18T10:00:00+05:30
pcm_201f6583,pkg_23879f6a,meal,,,3,morning,Dinner at a local kitchen,1,1090.90,INR,1,0,,2026-08-18T10:00:00+05:30
pcm_fd37b6fe,pkg_23879f6a,entry_ticket,,,4,overnight,Monument entry tickets,1,525.28,INR,1,0,,2026-08-18T10:00:00+05:30
pcm_943aeb82,pkg_e86d8944,hotel,hotel,htl_b4eb0f44,1,overnight,Indigo Ghat House Boutique Stay,1,4317.83,INR,0,1,hotel_8944,2026-08-18T10:00:00+05:30
pcm_25781654,pkg_e86d8944,poi,poi,poi_5f6b0929,1,overnight,Jaisalmer Temple,1,451.80,INR,0,1,poi_8944,2026-08-18T10:00:00+05:30
pcm_7fed6396,pkg_e86d8944,poi,poi,poi_6e34d5eb,2,overnight,Chhatri Complex,1,808.79,INR,0,1,poi_8944,2026-08-18T10:00:00+05:30
pcm_b9048df3,pkg_e86d8944,transfer,,,2,afternoon,Airport transfer,1,1018.14,INR,0,1,,2026-08-18T10:00:00+05:30
pcm_2f7378e2,pkg_e86d8944,guide,,,3,afternoon,Local guide (half day),1,1517.51,INR,1,1,guide_8944,2026-08-18T10:00:00+05:30
pcm_6988181e,pkg_e86d8944,meal,,,3,evening,Dinner at a local kitchen,1,1173.44,INR,1,0,,2026-08-18T10:00:00+05:30
pcm_7487cd9c,pkg_e86d8944,entry_ticket,,,4,morning,Monument entry tickets,1,255.88,INR,1,0,,2026-08-18T10:00:00+05:30
pcm_6417a956,pkg_d8d9930a,hotel,hotel,htl_9b015642,1,evening,Palm Retreat Heritage,1,4156.61,INR,0,1,hotel_930a,2026-08-18T10:00:00+05:30
pcm_5f83eea9,pkg_d8d9930a,poi,poi,poi_ea362bca,1,evening,Chennai Lake,1,628.98,INR,0,1,poi_930a,2026-08-18T10:00:00+05:30
pcm_156ac805,pkg_d8d9930a,poi,poi,poi_294cdf8b,2,evening,Ayurveda Centre,1,522.38,INR,0,1,poi_930a,2026-08-18T10:00:00+05:30
pcm_75aa3282,pkg_d8d9930a,transfer,,,2,evening,Airport transfer,1,510.32,INR,0,1,,2026-08-18T10:00:00+05:30
pcm_46f1c547,pkg_d8d9930a,guide,,,3,overnight,Local guide (half day),1,2575.72,INR,1,1,guide_930a,2026-08-18T10:00:00+05:30
pcm_9e930e18,pkg_d8d9930a,meal,,,3,morning,Dinner at a local kitchen,1,1072.83,INR,1,0,,2026-08-18T10:00:00+05:30
pcm_be2b7483,pkg_d8d9930a,entry_ticket,,,4,morning,Monument entry tickets,1,549.00,INR,1,0,,2026-08-18T10:00:00+05:30
pcm_1fe8eddb,pkg_3b037157,hotel,hotel,htl_5cf7dd7d,1,overnight,The Old Verandah & Spa,1,209.09,MYR,0,1,hotel_7157,2026-08-18T10:00:00+05:30
pcm_09b4343a,pkg_3b037157,poi,poi,poi_042b48b8,1,overnight,Zipline Point,1,15.48,MYR,0,1,poi_7157,2026-08-18T10:00:00+05:30
pcm_71d75149,pkg_3b037157,poi,poi,poi_baaea645,2,morning,Great Mosque of Kuala Lumpur,1,16.34,MYR,0,1,poi_7157,2026-08-18T10:00:00+05:30
pcm_44da4360,pkg_3b037157,transfer,,,2,overnight,Airport transfer,1,75.66,MYR,0,1,,2026-08-18T10:00:00+05:30
pcm_359b3072,pkg_3b037157,guide,,,3,overnight,Local guide (half day),1,77.18,MYR,1,1,guide_7157,2026-08-18T10:00:00+05:30
pcm_c3bca600,pkg_3b037157,meal,,,3,afternoon,Dinner at a local kitchen,1,32.25,MYR,1,0,,2026-08-18T10:00:00+05:30
pcm_34a62e13,pkg_3b037157,entry_ticket,,,4,afternoon,Monument entry tickets,1,31.19,MYR,1,0,,2026-08-18T10:00:00+05:30
pcm_fef4da34,pkg_869f8dc3,hotel,hotel,htl_fd99a5e3,1,morning,Amber Bagh Resort,1,2845.96,INR,0,1,hotel_8dc3,2026-08-18T10:00:00+05:30
pcm_7858ba51,pkg_869f8dc3,poi,poi,poi_ee4e06ed,1,overnight,Kochi Street Food Lane,1,500.79,INR,0,1,poi_8dc3,2026-08-18T10:00:00+05:30
pcm_878e5cb4,pkg_869f8dc3,poi,poi,poi_77bff953,2,morning,Night Food Bazaar,1,331.13,INR,0,1,poi_8dc3,2026-08-18T10:00:00+05:30
pcm_0ad1377f,pkg_869f8dc3,transfer,,,2,evening,Airport transfer,1,716.73,INR,0,1,,2026-08-18T10:00:00+05:30
pcm_1dda1646,pkg_869f8dc3,guide,,,3,evening,Local guide (half day),1,2074.61,INR,1,1,guide_8dc3,2026-08-18T10:00:00+05:30
pcm_837d7f21,pkg_869f8dc3,meal,,,3,morning,Dinner at a local kitchen,1,1060.97,INR,1,0,,2026-08-18T10:00:00+05:30
pcm_73c64b07,pkg_869f8dc3,entry_ticket,,,4,evening,Monument entry tickets,1,457.15,INR,1,0,,2026-08-18T10:00:00+05:30
pcm_9973ebf1,pkg_0fd9e3a5,hotel,hotel,htl_f7f9a831,1,morning,Garden Bagh Resort,1,2823.02,INR,0,1,hotel_e3a5,2026-08-18T10:00:00+05:30
pcm_0add8932,pkg_0fd9e3a5,poi,poi,poi_89dfcf7d,1,evening,Kayaking at Gangtok,1,724.21,INR,0,1,poi_e3a5,2026-08-18T10:00:00+05:30
pcm_7060210c,pkg_0fd9e3a5,poi,poi,poi_e0062f3a,2,evening,Night Food Bazaar,1,246.89,INR,0,1,poi_e3a5,2026-08-18T10:00:00+05:30
pcm_3a7a3f5d,pkg_0fd9e3a5,transfer,,,2,morning,Airport transfer,1,1248.80,INR,0,1,,2026-08-18T10:00:00+05:30
pcm_b70ec5e2,pkg_0fd9e3a5,guide,,,3,afternoon,Local guide (half day),1,3881.77,INR,1,1,guide_e3a5,2026-08-18T10:00:00+05:30
pcm_3d9e9be2,pkg_0fd9e3a5,meal,,,3,overnight,Dinner at a local kitchen,1,1156.02,INR,1,0,,2026-08-18T10:00:00+05:30
pcm_8a3e4c7e,pkg_0fd9e3a5,entry_ticket,,,4,overnight,Monument entry tickets,1,421.59,INR,1,0,,2026-08-18T10:00:00+05:30
pcm_95c2a7a1,pkg_2f24169b,hotel,hotel,htl_aceeb75d,1,overnight,Hotel Residency Homestay,1,1694.38,INR,0,1,hotel_169b,2026-08-18T10:00:00+05:30
pcm_42ffbca2,pkg_2f24169b,poi,poi,poi_5a548df2,1,afternoon,Antique Lane,1,516.34,INR,0,1,poi_169b,2026-08-18T10:00:00+05:30
pcm_db342ae7,pkg_2f24169b,poi,poi,poi_e5aee907,2,evening,Ridge Lookout,1,262.59,INR,0,1,poi_169b,2026-08-18T10:00:00+05:30
pcm_362e5b39,pkg_2f24169b,transfer,,,2,overnight,Airport transfer,1,1145.14,INR,0,1,,2026-08-18T10:00:00+05:30
pcm_dfb31e0f,pkg_2f24169b,guide,,,3,evening,Local guide (half day),1,3897.82,INR,1,1,guide_169b,2026-08-18T10:00:00+05:30
pcm_d04f6c3b,pkg_2f24169b,meal,,,3,afternoon,Dinner at a local kitchen,1,727.68,INR,1,0,,2026-08-18T10:00:00+05:30
pcm_71d17848,pkg_2f24169b,entry_ticket,,,4,evening,Monument entry tickets,1,364.57,INR,1,0,,2026-08-18T10:00:00+05:30
pcm_4c11091f,pkg_1b0acd65,hotel,hotel,htl_8dd76814,1,overnight,The Verandah Heritage,1,1361.28,INR,0,1,hotel_cd65,2026-08-18T10:00:00+05:30
pcm_0f8b0ffc,pkg_1b0acd65,poi,poi,poi_a666cab4,1,overnight,Alleppey Bazaar,1,664.16,INR,0,1,poi_cd65,2026-08-18T10:00:00+05:30
pcm_d57da5cb,pkg_1b0acd65,poi,poi,poi_e0c06ade,2,afternoon,Alleppey Lake,1,309.83,INR,0,1,poi_cd65,2026-08-18T10:00:00+05:30
pcm_ec2d0807,pkg_1b0acd65,transfer,,,2,afternoon,Airport transfer,1,1064.74,INR,0,1,,2026-08-18T10:00:00+05:30
pcm_b8394ad2,pkg_1b0acd65,guide,,,3,afternoon,Local guide (half day),1,2490.18,INR,1,1,guide_cd65,2026-08-18T10:00:00+05:30
pcm_15c02a07,pkg_1b0acd65,meal,,,3,evening,Dinner at a local kitchen,1,1204.77,INR,1,0,,2026-08-18T10:00:00+05:30
pcm_c178a4dc,pkg_1b0acd65,entry_ticket,,,3,overnight,Monument entry tickets,1,359.92,INR,1,0,,2026-08-18T10:00:00+05:30
pcm_ed716da5,pkg_f851de67,hotel,hotel,htl_76cb1dd1,1,morning,Villa Haveli Suites,1,1903.16,INR,0,1,hotel_de67,2026-08-18T10:00:00+05:30
pcm_c804b2e3,pkg_f851de67,poi,poi,poi_46ade188,1,evening,Maritime Museum,1,235.36,INR,0,1,poi_de67,2026-08-18T10:00:00+05:30
pcm_ebac8164,pkg_f851de67,poi,poi,poi_41fadb4a,2,morning,Visakhapatnam Stepwell,1,723.69,INR,0,1,poi_de67,2026-08-18T10:00:00+05:30
pcm_20a7a96f,pkg_f851de67,transfer,,,2,evening,Airport transfer,1,1070.81,INR,0,1,,2026-08-18T10:00:00+05:30
pcm_0a2e8226,pkg_f851de67,guide,,,3,morning,Local guide (half day),1,2657.03,INR,1,1,guide_de67,2026-08-18T10:00:00+05:30
pcm_390bfbb2,pkg_f851de67,meal,,,3,overnight,Dinner at a local kitchen,1,741.21,INR,1,0,,2026-08-18T10:00:00+05:30
pcm_59efa86a,pkg_f851de67,entry_ticket,,,3,afternoon,Monument entry tickets,1,194.79,INR,1,0,,2026-08-18T10:00:00+05:30
pcm_1f715309,pkg_e1ea3274,hotel,hotel,htl_fa769a3e,1,evening,The Old Bagh Resort,1,2927.67,INR,0,1,hotel_3274,2026-08-18T10:00:00+05:30
pcm_6ee5b59b,pkg_e1ea3274,poi,poi,poi_ff4e53c7,1,evening,Coffee Roastery Tour,1,604.92,INR,0,1,poi_3274,2026-08-18T10:00:00+05:30
pcm_736569df,pkg_e1ea3274,poi,poi,poi_9c194b8c,2,overnight,Bhuj Fort,1,755.92,INR,0,1,poi_3274,2026-08-18T10:00:00+05:30
pcm_5e6574af,pkg_e1ea3274,transfer,,,2,afternoon,Airport transfer,1,809.94,INR,0,1,,2026-08-18T10:00:00+05:30
pcm_d2866b8a,pkg_e1ea3274,guide,,,3,morning,Local guide (half day),1,2443.48,INR,1,1,guide_3274,2026-08-18T10:00:00+05:30
pcm_1385f810,pkg_e1ea3274,meal,,,3,evening,Dinner at a local kitchen,1,1242.07,INR,1,0,,2026-08-18T10:00:00+05:30
pcm_8714cb55,pkg_e1ea3274,entry_ticket,,,3,overnight,Monument entry tickets,1,277.34,INR,1,0,,2026-08-18T10:00:00+05:30
pcm_a05e832d,pkg_6acc77eb,hotel,hotel,htl_2a2ca88d,1,overnight,Hillview Manor Suites,1,838.31,MVR,0,1,hotel_77eb,2026-08-18T10:00:00+05:30
pcm_fe8ffee5,pkg_6acc77eb,poi,poi,poi_9b3237a3,1,overnight,Butterfly Reserve,1,56.77,MVR,0,1,poi_77eb,2026-08-18T10:00:00+05:30
pcm_f950780b,pkg_6acc77eb,poi,poi,poi_48aa21f1,2,evening,Male Observatory,1,56.36,MVR,0,1,poi_77eb,2026-08-18T10:00:00+05:30
pcm_1139c5eb,pkg_6acc77eb,transfer,,,2,afternoon,Airport transfer,1,294.79,MVR,0,1,,2026-08-18T10:00:00+05:30
pcm_1f003327,pkg_6acc77eb,guide,,,3,afternoon,Local guide (half day),1,424.99,MVR,1,1,guide_77eb,2026-08-18T10:00:00+05:30
pcm_402d0383,pkg_6acc77eb,meal,,,3,evening,Dinner at a local kitchen,1,165.22,MVR,1,0,,2026-08-18T10:00:00+05:30
pcm_46867f79,pkg_6acc77eb,entry_ticket,,,4,afternoon,Monument entry tickets,1,52.03,MVR,1,0,,2026-08-18T10:00:00+05:30
pcm_e0647a53,pkg_518ec07c,hotel,hotel,htl_bae73dee,1,evening,The Old Residency Suites,1,3004.94,INR,0,1,hotel_c07c,2026-08-18T10:00:00+05:30
pcm_c86db9e1,pkg_518ec07c,poi,poi,poi_3f6cade0,1,afternoon,Hot Springs,1,261.19,INR,0,1,poi_c07c,2026-08-18T10:00:00+05:30
pcm_47f01c57,pkg_518ec07c,poi,poi,poi_31043af1,2,afternoon,Riverside Lounge,1,522.33,INR,0,1,poi_c07c,2026-08-18T10:00:00+05:30
pcm_ffe71ab7,pkg_518ec07c,transfer,,,2,overnight,Airport transfer,1,900.17,INR,0,1,,2026-08-18T10:00:00+05:30
pcm_9c859f1f,pkg_518ec07c,guide,,,3,overnight,Local guide (half day),1,2380.54,INR,1,1,guide_c07c,2026-08-18T10:00:00+05:30
pcm_a5e976aa,pkg_518ec07c,meal,,,3,evening,Dinner at a local kitchen,1,975.51,INR,1,0,,2026-08-18T10:00:00+05:30
pcm_7a682373,pkg_518ec07c,entry_ticket,,,4,afternoon,Monument entry tickets,1,315.25,INR,1,0,,2026-08-18T10:00:00+05:30
pcm_10e99b88,pkg_3c9f1e28,hotel,hotel,htl_fa8543cb,1,afternoon,Indigo Courtyard by the Lake,1,2115.87,NPR,0,1,hotel_1e28,2026-08-18T10:00:00+05:30
pcm_0e080905,pkg_3c9f1e28,poi,poi,poi_bf2fe1b8,1,afternoon,Kathmandu Stepwell,1,571.42,NPR,0,1,poi_1e28,2026-08-18T10:00:00+05:30
pcm_49c8d535,pkg_3c9f1e28,poi,poi,poi_37bfdcc0,2,overnight,Kathmandu Street Food Lane,1,1221.23,NPR,0,1,poi_1e28,2026-08-18T10:00:00+05:30
pcm_e036be36,pkg_3c9f1e28,transfer,,,2,evening,Airport transfer,1,2516.14,NPR,0,1,,2026-08-18T10:00:00+05:30
pcm_801d876c,pkg_3c9f1e28,guide,,,3,morning,Local guide (half day),1,4071.65,NPR,1,1,guide_1e28,2026-08-18T10:00:00+05:30
pcm_46634515,pkg_3c9f1e28,meal,,,3,afternoon,Dinner at a local kitchen,1,576.86,NPR,1,0,,2026-08-18T10:00:00+05:30
pcm_5da3c3a1,pkg_3c9f1e28,entry_ticket,,,4,evening,Monument entry tickets,1,902.01,NPR,1,0,,2026-08-18T10:00:00+05:30
pcm_21ce3db5,pkg_460b2dc6,hotel,hotel,htl_29ab8d35,1,overnight,Indigo Palms Boutique Stay,1,2067.34,INR,0,1,hotel_2dc6,2026-08-18T10:00:00+05:30
pcm_4e47f39e,pkg_460b2dc6,poi,poi,poi_dc28b40b,1,afternoon,"Jazz Cellar, Guwahati",1,656.57,INR,0,1,poi_2dc6,2026-08-18T10:00:00+05:30
pcm_31cdf6b4,pkg_460b2dc6,poi,poi,poi_b7e5ce86,2,overnight,Antique Lane,1,252.40,INR,0,1,poi_2dc6,2026-08-18T10:00:00+05:30
pcm_2d318b13,pkg_460b2dc6,transfer,,,2,overnight,Airport transfer,1,498.19,INR,0,1,,2026-08-18T10:00:00+05:30
pcm_32e399b4,pkg_460b2dc6,guide,,,3,overnight,Local guide (half day),1,3197.01,INR,1,1,guide_2dc6,2026-08-18T10:00:00+05:30
pcm_3e941062,pkg_460b2dc6,meal,,,3,overnight,Dinner at a local kitchen,1,764.55,INR,1,0,,2026-08-18T10:00:00+05:30
pcm_35b25d1e,pkg_460b2dc6,entry_ticket,,,4,evening,Monument entry tickets,1,437.23,INR,1,0,,2026-08-18T10:00:00+05:30
pcm_0aba1aba,pkg_f1cd8999,hotel,hotel,htl_d1ff6baa,1,morning,The Old Terraces Homestay,1,4073.59,INR,0,1,hotel_8999,2026-08-18T10:00:00+05:30
pcm_7d22cd42,pkg_f1cd8999,poi,poi,poi_b961944a,1,evening,Quiet Bay,1,782.02,INR,0,1,poi_8999,2026-08-18T10:00:00+05:30
pcm_93b98a51,pkg_f1cd8999,poi,poi,poi_56fd62aa,2,afternoon,Aurangabad Lake,1,606.98,INR,0,1,poi_8999,2026-08-18T10:00:00+05:30
pcm_916e562e,pkg_f1cd8999,transfer,,,2,morning,Airport transfer,1,870.32,INR,0,1,,2026-08-18T10:00:00+05:30
pcm_c68fc620,pkg_f1cd8999,guide,,,3,afternoon,Local guide (half day),1,2695.38,INR,1,1,guide_8999,2026-08-18T10:00:00+05:30
pcm_70c4b061,pkg_f1cd8999,meal,,,3,afternoon,Dinner at a local kitchen,1,860.35,INR,1,0,,2026-08-18T10:00:00+05:30
pcm_120d93d1,pkg_f1cd8999,entry_ticket,,,4,afternoon,Monument entry tickets,1,442.75,INR,1,0,,2026-08-18T10:00:00+05:30
pcm_60b0912b,pkg_403c7aed,hotel,hotel,htl_abcdbceb,1,morning,Hillview Bagh Suites,1,4495.52,INR,0,1,hotel_7aed,2026-08-18T10:00:00+05:30
pcm_da389738,pkg_403c7aed,poi,poi,poi_99eeb49d,1,morning,Riverside Lounge,1,452.69,INR,0,1,poi_7aed,2026-08-18T10:00:00+05:30
pcm_1e98c33a,pkg_403c7aed,poi,poi,poi_23e1e6ef,2,evening,Riverside Ghats,1,446.09,INR,0,1,poi_7aed,2026-08-18T10:00:00+05:30
pcm_94201ccf,pkg_403c7aed,transfer,,,2,overnight,Airport transfer,1,1535.59,INR,0,1,,2026-08-18T10:00:00+05:30
pcm_2e1d228f,pkg_403c7aed,guide,,,3,morning,Local guide (half day),1,2907.98,INR,1,1,guide_7aed,2026-08-18T10:00:00+05:30
pcm_5d936b52,pkg_403c7aed,meal,,,3,overnight,Dinner at a local kitchen,1,1111.51,INR,1,0,,2026-08-18T10:00:00+05:30
pcm_dd3f9fc4,pkg_403c7aed,entry_ticket,,,4,morning,Monument entry tickets,1,389.23,INR,1,0,,2026-08-18T10:00:00+05:30
pcm_cb97263d,pkg_27931c29,hotel,hotel,htl_ace63054,1,evening,Hotel Regency Boutique Stay,1,2518.07,INR,0,1,hotel_1c29,2026-08-18T10:00:00+05:30
pcm_93a69152,pkg_27931c29,poi,poi,poi_04a93c99,1,afternoon,Butterfly Reserve,1,626.02,INR,0,1,poi_1c29,2026-08-18T10:00:00+05:30
pcm_62cce287,pkg_27931c29,poi,poi,poi_356fc49a,2,overnight,Jain Temple Complex,1,806.72,INR,0,1,poi_1c29,2026-08-18T10:00:00+05:30
pcm_b7db420f,pkg_27931c29,transfer,,,2,morning,Airport transfer,1,1207.94,INR,0,1,,2026-08-18T10:00:00+05:30
pcm_64ee1f02,pkg_27931c29,guide,,,3,morning,Local guide (half day),1,3440.34,INR,1,1,guide_1c29,2026-08-18T10:00:00+05:30
pcm_de2c6be6,pkg_27931c29,meal,,,3,overnight,Dinner at a local kitchen,1,519.98,INR,1,0,,2026-08-18T10:00:00+05:30
pcm_523cec8e,pkg_27931c29,entry_ticket,,,3,overnight,Monument entry tickets,1,275.52,INR,1,0,,2026-08-18T10:00:00+05:30
pcm_e3d63a5e,pkg_c90f42b4,hotel,hotel,htl_1b0f8353,1,afternoon,Indigo Meadows Boutique Stay,1,1908.62,INR,0,1,hotel_42b4,2026-08-18T10:00:00+05:30
pcm_0260277f,pkg_c90f42b4,poi,poi,poi_3f6b3047,1,evening,Coffee Roastery Tour,1,366.98,INR,0,1,poi_42b4,2026-08-18T10:00:00+05:30
pcm_1604ccaa,pkg_c90f42b4,poi,poi,poi_1f6b3fea,2,overnight,Varanasi Viewpoint,1,742.04,INR,0,1,poi_42b4,2026-08-18T10:00:00+05:30
pcm_f02128c2,pkg_c90f42b4,transfer,,,2,evening,Airport transfer,1,603.93,INR,0,1,,2026-08-18T10:00:00+05:30
pcm_8d4ab016,pkg_c90f42b4,guide,,,3,morning,Local guide (half day),1,1804.00,INR,1,1,guide_42b4,2026-08-18T10:00:00+05:30
pcm_c6cea2bb,pkg_c90f42b4,meal,,,3,morning,Dinner at a local kitchen,1,1039.08,INR,1,0,,2026-08-18T10:00:00+05:30
pcm_49a50219,pkg_c90f42b4,entry_ticket,,,4,evening,Monument entry tickets,1,175.53,INR,1,0,,2026-08-18T10:00:00+05:30
pcm_10fd434a,pkg_55c9e36a,hotel,hotel,htl_16ca75ac,1,morning,Garden Palms Boutique Stay,1,4570.17,INR,0,1,hotel_e36a,2026-08-18T10:00:00+05:30
pcm_64113615,pkg_55c9e36a,poi,poi,poi_423f2b73,1,afternoon,Hot Springs,1,385.31,INR,0,1,poi_e36a,2026-08-18T10:00:00+05:30
pcm_b589c0bc,pkg_55c9e36a,poi,poi,poi_e4abebbd,2,morning,"Jazz Cellar, Jodhpur",1,551.86,INR,0,1,poi_e36a,2026-08-18T10:00:00+05:30
pcm_f906e597,pkg_55c9e36a,transfer,,,2,afternoon,Airport transfer,1,1216.82,INR,0,1,,2026-08-18T10:00:00+05:30
pcm_089e2e2b,pkg_55c9e36a,guide,,,3,overnight,Local guide (half day),1,1479.39,INR,1,1,guide_e36a,2026-08-18T10:00:00+05:30
pcm_f31bcb15,pkg_55c9e36a,meal,,,3,afternoon,Dinner at a local kitchen,1,593.83,INR,1,0,,2026-08-18T10:00:00+05:30
pcm_e1edfa2f,pkg_55c9e36a,entry_ticket,,,3,overnight,Monument entry tickets,1,579.93,INR,1,0,,2026-08-18T10:00:00+05:30
pcm_7fd4142b,pkg_e8140d7d,hotel,hotel,htl_b58f3951,1,morning,Palm Regency Boutique Stay,1,1848.52,INR,0,1,hotel_0d7d,2026-08-18T10:00:00+05:30
pcm_07f369f6,pkg_e8140d7d,poi,poi,poi_fe46427e,1,overnight,Puppet Museum,1,347.96,INR,0,1,poi_0d7d,2026-08-18T10:00:00+05:30
pcm_970a7ac4,pkg_e8140d7d,poi,poi,poi_ec746686,2,evening,Hampi Stepwell,1,618.03,INR,0,1,poi_0d7d,2026-08-18T10:00:00+05:30
pcm_0ae3c006,pkg_e8140d7d,transfer,,,2,morning,Airport transfer,1,1163.08,INR,0,1,,2026-08-18T10:00:00+05:30
pcm_6d64ad72,pkg_e8140d7d,guide,,,3,evening,Local guide (half day),1,3025.18,INR,1,1,guide_0d7d,2026-08-18T10:00:00+05:30
pcm_2f6c7b95,pkg_e8140d7d,meal,,,3,afternoon,Dinner at a local kitchen,1,1134.12,INR,1,0,,2026-08-18T10:00:00+05:30
pcm_1199ac6a,pkg_e8140d7d,entry_ticket,,,3,morning,Monument entry tickets,1,450.15,INR,1,0,,2026-08-18T10:00:00+05:30
pcm_d98375db,pkg_428961ea,hotel,hotel,htl_34e56f8c,1,overnight,Villa Meadows Homestay,1,4088.76,INR,0,1,hotel_61ea,2026-08-18T10:00:00+05:30
pcm_7d9c01f9,pkg_428961ea,poi,poi,poi_cd4eb948,1,evening,Night Food Bazaar,1,617.72,INR,0,1,poi_61ea,2026-08-18T10:00:00+05:30
pcm_0687d945,pkg_428961ea,poi,poi,poi_7f6561ec,2,afternoon,Jaipur Bazaar,1,341.19,INR,0,1,poi_61ea,2026-08-18T10:00:00+05:30
pcm_e772f90f,pkg_428961ea,transfer,,,2,morning,Airport transfer,1,1119.68,INR,0,1,,2026-08-18T10:00:00+05:30
pcm_b61390fd,pkg_428961ea,guide,,,3,overnight,Local guide (half day),1,2045.27,INR,1,1,guide_61ea,2026-08-18T10:00:00+05:30
pcm_6c11d592,pkg_428961ea,meal,,,3,morning,Dinner at a local kitchen,1,891.51,INR,1,0,,2026-08-18T10:00:00+05:30
pcm_35879c8a,pkg_428961ea,entry_ticket,,,4,overnight,Monument entry tickets,1,360.87,INR,1,0,,2026-08-18T10:00:00+05:30
pcm_fd664a76,pkg_19e57b5d,hotel,hotel,htl_b76950b4,1,morning,Palm Niwas Heritage,1,1524.47,INR,0,1,hotel_7b5d,2026-08-18T10:00:00+05:30
pcm_8634fcad,pkg_19e57b5d,poi,poi,poi_ca1e63bc,1,morning,Sunset Point,1,441.65,INR,0,1,poi_7b5d,2026-08-18T10:00:00+05:30
pcm_88bcc4f1,pkg_19e57b5d,poi,poi,poi_9147fba7,2,overnight,Pune Street Food Lane,1,604.16,INR,0,1,poi_7b5d,2026-08-18T10:00:00+05:30
pcm_59d8df82,pkg_19e57b5d,transfer,,,2,morning,Airport transfer,1,1226.33,INR,0,1,,2026-08-18T10:00:00+05:30
pcm_294927d6,pkg_19e57b5d,guide,,,3,afternoon,Local guide (half day),1,3848.20,INR,1,1,guide_7b5d,2026-08-18T10:00:00+05:30
pcm_e6143c89,pkg_19e57b5d,meal,,,3,evening,Dinner at a local kitchen,1,800.30,INR,1,0,,2026-08-18T10:00:00+05:30
pcm_4f4a8447,pkg_19e57b5d,entry_ticket,,,4,morning,Monument entry tickets,1,344.67,INR,1,0,,2026-08-18T10:00:00+05:30
pcm_39dfa389,pkg_ce56cede,hotel,hotel,htl_8727e865,1,morning,Amber Bungalow Inn,1,1610.35,INR,0,1,hotel_cede,2026-08-18T10:00:00+05:30
pcm_3fea6f26,pkg_ce56cede,poi,poi,poi_38e1ec96,1,morning,Textile Museum,1,291.89,INR,0,1,poi_cede,2026-08-18T10:00:00+05:30
pcm_ed3e5720,pkg_ce56cede,poi,poi,poi_c21309f4,2,overnight,Sunset Point,1,723.34,INR,0,1,poi_cede,2026-08-18T10:00:00+05:30
pcm_96025fd4,pkg_ce56cede,transfer,,,2,afternoon,Airport transfer,1,919.46,INR,0,1,,2026-08-18T10:00:00+05:30
pcm_211d66e9,pkg_ce56cede,guide,,,3,overnight,Local guide (half day),1,3680.67,INR,1,1,guide_cede,2026-08-18T10:00:00+05:30
pcm_a3a62672,pkg_ce56cede,meal,,,3,overnight,Dinner at a local kitchen,1,445.16,INR,1,0,,2026-08-18T10:00:00+05:30
pcm_84d04813,pkg_ce56cede,entry_ticket,,,4,morning,Monument entry tickets,1,262.06,INR,1,0,,2026-08-18T10:00:00+05:30
pcm_4f447ac2,pkg_80121312,hotel,hotel,htl_82a0debc,1,afternoon,Garden Kothi & Spa,1,3828.64,INR,0,1,hotel_1312,2026-08-18T10:00:00+05:30
pcm_0a2c0850,pkg_80121312,poi,poi,poi_3ca0d3de,1,evening,Maritime Museum,1,437.11,INR,0,1,poi_1312,2026-08-18T10:00:00+05:30
pcm_a6ab10c0,pkg_80121312,poi,poi,poi_87f14af2,2,evening,Backwater Channel,1,644.84,INR,0,1,poi_1312,2026-08-18T10:00:00+05:30
pcm_ed6cad3c,pkg_80121312,transfer,,,2,evening,Airport transfer,1,771.31,INR,0,1,,2026-08-18T10:00:00+05:30
pcm_58b8f337,pkg_80121312,guide,,,3,evening,Local guide (half day),1,1512.56,INR,1,1,guide_1312,2026-08-18T10:00:00+05:30
pcm_1122c797,pkg_80121312,meal,,,3,overnight,Dinner at a local kitchen,1,1120.40,INR,1,0,,2026-08-18T10:00:00+05:30
pcm_b920014d,pkg_80121312,entry_ticket,,,3,overnight,Monument entry tickets,1,624.31,INR,1,0,,2026-08-18T10:00:00+05:30
pcm_cfc3d091,pkg_3a8b40b7,hotel,hotel,htl_34a81c98,1,morning,Palm Haveli & Spa,1,4609.58,INR,0,1,hotel_40b7,2026-08-18T10:00:00+05:30
pcm_0bd7556f,pkg_3a8b40b7,poi,poi,poi_0e7b7fc0,1,afternoon,Yoga Shala,1,426.20,INR,0,1,poi_40b7,2026-08-18T10:00:00+05:30
pcm_75878081,pkg_3a8b40b7,poi,poi,poi_090cc669,2,evening,Butterfly Reserve,1,514.26,INR,0,1,poi_40b7,2026-08-18T10:00:00+05:30
pcm_b2e31e40,pkg_3a8b40b7,transfer,,,2,afternoon,Airport transfer,1,957.80,INR,0,1,,2026-08-18T10:00:00+05:30
pcm_10f9956a,pkg_3a8b40b7,guide,,,3,afternoon,Local guide (half day),1,3771.17,INR,1,1,guide_40b7,2026-08-18T10:00:00+05:30
pcm_9d448929,pkg_3a8b40b7,meal,,,3,overnight,Dinner at a local kitchen,1,1196.37,INR,1,0,,2026-08-18T10:00:00+05:30
pcm_814893fa,pkg_3a8b40b7,entry_ticket,,,4,evening,Monument entry tickets,1,505.99,INR,1,0,,2026-08-18T10:00:00+05:30
pcm_d9fba7ea,pkg_2bf18953,hotel,hotel,htl_7cacf12d,1,overnight,The Residency Homestay,1,1472.35,INR,0,1,hotel_8953,2026-08-18T10:00:00+05:30
pcm_45455f7b,pkg_2bf18953,poi,poi,poi_be136c8b,1,evening,Ahmedabad Viewpoint,1,700.68,INR,0,1,poi_8953,2026-08-18T10:00:00+05:30
pcm_5d8aa19f,pkg_2bf18953,poi,poi,poi_822c8d40,2,evening,Riverside Lounge,1,760.51,INR,0,1,poi_8953,2026-08-18T10:00:00+05:30
pcm_7fa7d968,pkg_2bf18953,transfer,,,2,evening,Airport transfer,1,1364.46,INR,0,1,,2026-08-18T10:00:00+05:30
pcm_d4c4066c,pkg_2bf18953,guide,,,3,afternoon,Local guide (half day),1,1275.13,INR,1,1,guide_8953,2026-08-18T10:00:00+05:30
pcm_7c46a2ea,pkg_2bf18953,meal,,,3,overnight,Dinner at a local kitchen,1,652.60,INR,1,0,,2026-08-18T10:00:00+05:30
pcm_83022dec,pkg_2bf18953,entry_ticket,,,3,evening,Monument entry tickets,1,437.40,INR,1,0,,2026-08-18T10:00:00+05:30
pcm_aad74bdf,pkg_1db18f87,hotel,hotel,htl_73b94512,1,overnight,Casa Courtyard Suites,1,1893.43,INR,0,1,hotel_8f87,2026-08-18T10:00:00+05:30
pcm_5a6e2db7,pkg_1db18f87,poi,poi,poi_4dd2861e,1,evening,Elephant Camp,1,637.21,INR,0,1,poi_8f87,2026-08-18T10:00:00+05:30
pcm_3c21430e,pkg_1db18f87,poi,poi,poi_2b00dd1d,2,afternoon,Textile Museum,1,614.11,INR,0,1,poi_8f87,2026-08-18T10:00:00+05:30
pcm_ae28b823,pkg_1db18f87,transfer,,,2,morning,Airport transfer,1,1006.70,INR,0,1,,2026-08-18T10:00:00+05:30
pcm_3a271469,pkg_1db18f87,guide,,,3,evening,Local guide (half day),1,1422.51,INR,1,1,guide_8f87,2026-08-18T10:00:00+05:30
pcm_278ad888,pkg_1db18f87,meal,,,3,evening,Dinner at a local kitchen,1,569.55,INR,1,0,,2026-08-18T10:00:00+05:30
pcm_d681bb62,pkg_1db18f87,entry_ticket,,,4,morning,Monument entry tickets,1,592.60,INR,1,0,,2026-08-18T10:00:00+05:30
pcm_be802f6f,pkg_67641f92,hotel,hotel,htl_6f9c55b9,1,afternoon,Heritage Residency Inn,1,3696.54,INR,0,1,hotel_1f92,2026-08-18T10:00:00+05:30
pcm_86f2b099,pkg_67641f92,poi,poi,poi_c295f116,1,overnight,Zipline Point,1,604.03,INR,0,1,poi_1f92,2026-08-18T10:00:00+05:30
pcm_b53af822,pkg_67641f92,poi,poi,poi_9737e8e9,2,morning,Fishermen's Cove,1,702.87,INR,0,1,poi_1f92,2026-08-18T10:00:00+05:30
pcm_3e7a1714,pkg_67641f92,transfer,,,2,evening,Airport transfer,1,1344.92,INR,0,1,,2026-08-18T10:00:00+05:30
pcm_5917a694,pkg_67641f92,guide,,,3,overnight,Local guide (half day),1,1541.40,INR,1,1,guide_1f92,2026-08-18T10:00:00+05:30
pcm_0af225e3,pkg_67641f92,meal,,,3,morning,Dinner at a local kitchen,1,1053.30,INR,1,0,,2026-08-18T10:00:00+05:30
pcm_1df70317,pkg_67641f92,entry_ticket,,,4,overnight,Monument entry tickets,1,569.01,INR,1,0,,2026-08-18T10:00:00+05:30
pcm_f41fc3f2,pkg_f394f9e1,hotel,hotel,htl_dc149b42,1,morning,The Old Regency,1,4100.76,INR,0,1,hotel_f9e1,2026-08-18T10:00:00+05:30
pcm_30650377,pkg_f394f9e1,poi,poi,poi_a6ab1a68,1,morning,Quiet Bay,1,774.49,INR,0,1,poi_f9e1,2026-08-18T10:00:00+05:30
pcm_c8a5e459,pkg_f394f9e1,poi,poi,poi_87e0c24e,2,afternoon,Thiruvananthapuram Street Food Lane,1,343.58,INR,0,1,poi_f9e1,2026-08-18T10:00:00+05:30
pcm_866a4f4f,pkg_f394f9e1,transfer,,,2,afternoon,Airport transfer,1,642.93,INR,0,1,,2026-08-18T10:00:00+05:30
pcm_dcd6b075,pkg_f394f9e1,guide,,,3,afternoon,Local guide (half day),1,1657.81,INR,1,1,guide_f9e1,2026-08-18T10:00:00+05:30
pcm_e45bdee9,pkg_f394f9e1,meal,,,3,morning,Dinner at a local kitchen,1,1152.76,INR,1,0,,2026-08-18T10:00:00+05:30
pcm_a1a38329,pkg_f394f9e1,entry_ticket,,,4,afternoon,Monument entry tickets,1,251.82,INR,1,0,,2026-08-18T10:00:00+05:30
pcm_f68bbe46,pkg_e5b326ba,hotel,hotel,htl_c91a804e,1,morning,Casa Sarovar Homestay,1,4312.62,BTN,0,1,hotel_26ba,2026-08-18T10:00:00+05:30
pcm_3d276bab,pkg_e5b326ba,poi,poi,poi_13aa1bd7,1,evening,North Beach,1,790.77,BTN,0,1,poi_26ba,2026-08-18T10:00:00+05:30
pcm_d7b6f4d2,pkg_e5b326ba,poi,poi,poi_13aa1bd7,2,evening,North Beach,1,663.21,BTN,0,1,poi_26ba,2026-08-18T10:00:00+05:30
pcm_6d040121,pkg_e5b326ba,transfer,,,2,afternoon,Airport transfer,1,488.44,BTN,0,1,,2026-08-18T10:00:00+05:30
pcm_6aafc692,pkg_e5b326ba,guide,,,3,overnight,Local guide (half day),1,3009.56,BTN,1,1,guide_26ba,2026-08-18T10:00:00+05:30
pcm_2c23c115,pkg_e5b326ba,meal,,,3,morning,Dinner at a local kitchen,1,1139.83,BTN,1,0,,2026-08-18T10:00:00+05:30
pcm_e5150adf,pkg_e5b326ba,entry_ticket,,,4,evening,Monument entry tickets,1,628.35,BTN,1,0,,2026-08-18T10:00:00+05:30
pcm_2d52a116,pkg_8e0188c0,hotel,hotel,htl_bf31f384,1,morning,The Terraces Resort,1,1871.37,INR,0,1,hotel_88c0,2026-08-18T10:00:00+05:30
pcm_aaf978db,pkg_8e0188c0,poi,poi,poi_d029a07e,1,evening,Zipline Point,1,357.55,INR,0,1,poi_88c0,2026-08-18T10:00:00+05:30
pcm_0a32cd70,pkg_8e0188c0,poi,poi,poi_0b113cd1,2,morning,Wayanad Temple,1,366.20,INR,0,1,poi_88c0,2026-08-18T10:00:00+05:30
pcm_a324fd7a,pkg_8e0188c0,transfer,,,2,evening,Airport transfer,1,862.18,INR,0,1,,2026-08-18T10:00:00+05:30
pcm_89cba2d2,pkg_8e0188c0,guide,,,3,evening,Local guide (half day),1,3014.23,INR,1,1,guide_88c0,2026-08-18T10:00:00+05:30
pcm_5859f60a,pkg_8e0188c0,meal,,,3,morning,Dinner at a local kitchen,1,352.80,INR,1,0,,2026-08-18T10:00:00+05:30
pcm_6fe093bb,pkg_8e0188c0,entry_ticket,,,4,overnight,Monument entry tickets,1,515.81,INR,1,0,,2026-08-18T10:00:00+05:30
pcm_be020356,pkg_4051f4ee,hotel,hotel,htl_c6ab89b1,1,evening,Indigo Meadows by the Lake,1,3214.47,INR,0,1,hotel_f4ee,2026-08-18T10:00:00+05:30
pcm_4c5ae601,pkg_4051f4ee,poi,poi,poi_a8a1121e,1,afternoon,Cycling Loop,1,516.31,INR,0,1,poi_f4ee,2026-08-18T10:00:00+05:30
pcm_c87f2851,pkg_4051f4ee,poi,poi,poi_d1f05b2f,2,morning,Zipline Point,1,323.87,INR,0,1,poi_f4ee,2026-08-18T10:00:00+05:30
pcm_45165e07,pkg_4051f4ee,transfer,,,2,afternoon,Airport transfer,1,1520.93,INR,0,1,,2026-08-18T10:00:00+05:30
pcm_c680e763,pkg_4051f4ee,guide,,,3,morning,Local guide (half day),1,2274.12,INR,1,1,guide_f4ee,2026-08-18T10:00:00+05:30
pcm_45acbb73,pkg_4051f4ee,meal,,,3,evening,Dinner at a local kitchen,1,703.23,INR,1,0,,2026-08-18T10:00:00+05:30
pcm_a9205f1b,pkg_4051f4ee,entry_ticket,,,4,morning,Monument entry tickets,1,415.75,INR,1,0,,2026-08-18T10:00:00+05:30
pcm_b1d705f5,pkg_b6611671,hotel,hotel,htl_4374ecd9,1,afternoon,Grand Bagh Heritage,1,1947.29,INR,0,1,hotel_1671,2026-08-18T10:00:00+05:30
pcm_e42f3efd,pkg_b6611671,poi,poi,poi_5c2d2dd5,1,overnight,North Beach,1,430.77,INR,0,1,poi_1671,2026-08-18T10:00:00+05:30
pcm_0575d5e8,pkg_b6611671,poi,poi,poi_9eab0466,2,evening,Cooking Class at Old Town,1,458.17,INR,0,1,poi_1671,2026-08-18T10:00:00+05:30
pcm_ca3aba75,pkg_b6611671,transfer,,,2,morning,Airport transfer,1,613.75,INR,0,1,,2026-08-18T10:00:00+05:30
pcm_e9b459fe,pkg_b6611671,guide,,,3,morning,Local guide (half day),1,1295.10,INR,1,1,guide_1671,2026-08-18T10:00:00+05:30
pcm_598a3233,pkg_b6611671,meal,,,3,morning,Dinner at a local kitchen,1,692.95,INR,1,0,,2026-08-18T10:00:00+05:30
pcm_6d1a8da0,pkg_b6611671,entry_ticket,,,3,morning,Monument entry tickets,1,534.98,INR,1,0,,2026-08-18T10:00:00+05:30
pcm_dbcb5869,pkg_711ea75c,hotel,hotel,htl_faf784c8,1,afternoon,Lake Kothi Heritage,1,794249.34,IDR,0,1,hotel_a75c,2026-08-18T10:00:00+05:30
pcm_05e68f6b,pkg_711ea75c,poi,poi,poi_6f8881e5,1,overnight,Watchtower Terrace,1,104509.19,IDR,0,1,poi_a75c,2026-08-18T10:00:00+05:30
pcm_decb5414,pkg_711ea75c,poi,poi,poi_4f98940c,2,afternoon,Zipline Point,1,75885.18,IDR,0,1,poi_a75c,2026-08-18T10:00:00+05:30
pcm_4c6a96c3,pkg_711ea75c,transfer,,,2,afternoon,Airport transfer,1,195952.39,IDR,0,1,,2026-08-18T10:00:00+05:30
pcm_fdff6ee1,pkg_711ea75c,guide,,,3,evening,Local guide (half day),1,331791.33,IDR,1,1,guide_a75c,2026-08-18T10:00:00+05:30
pcm_e110f9e9,pkg_711ea75c,meal,,,3,morning,Dinner at a local kitchen,1,241151.21,IDR,1,0,,2026-08-18T10:00:00+05:30
pcm_da27bc88,pkg_711ea75c,entry_ticket,,,3,evening,Monument entry tickets,1,43350.89,IDR,1,0,,2026-08-18T10:00:00+05:30
pcm_6b399fe3,pkg_0b154071,hotel,hotel,htl_c8c81865,1,overnight,Grand Mahal by the Lake,1,15561.07,LKR,0,1,hotel_4071,2026-08-18T10:00:00+05:30
pcm_f03bf9d8,pkg_0b154071,poi,poi,poi_e8073ad8,1,afternoon,Kandy Bazaar,1,1374.74,LKR,0,1,poi_4071,2026-08-18T10:00:00+05:30
pcm_9a01d357,pkg_0b154071,poi,poi,poi_a1337353,2,overnight,Rooftop Live Music,1,1100.57,LKR,0,1,poi_4071,2026-08-18T10:00:00+05:30
pcm_b4b6345a,pkg_0b154071,transfer,,,2,overnight,Airport transfer,1,4329.51,LKR,0,1,,2026-08-18T10:00:00+05:30
pcm_6e17a2ae,pkg_0b154071,guide,,,3,evening,Local guide (half day),1,12668.80,LKR,1,1,guide_4071,2026-08-18T10:00:00+05:30
pcm_40651b66,pkg_0b154071,meal,,,3,overnight,Dinner at a local kitchen,1,1419.86,LKR,1,0,,2026-08-18T10:00:00+05:30
pcm_059f0647,pkg_0b154071,entry_ticket,,,4,evening,Monument entry tickets,1,907.98,LKR,1,0,,2026-08-18T10:00:00+05:30
pcm_ea14ea3a,pkg_d0cd04dc,hotel,hotel,htl_856e726b,1,evening,Hotel Verandah Heritage,1,3632.62,INR,0,1,hotel_04dc,2026-08-18T10:00:00+05:30
pcm_6d983e8f,pkg_d0cd04dc,poi,poi,poi_fe237777,1,afternoon,Blue Pottery Workshop,1,642.61,INR,0,1,poi_04dc,2026-08-18T10:00:00+05:30
pcm_05e04517,pkg_d0cd04dc,poi,poi,poi_99d11758,2,overnight,Hot Springs,1,266.02,INR,0,1,poi_04dc,2026-08-18T10:00:00+05:30
pcm_b07f1160,pkg_d0cd04dc,transfer,,,2,afternoon,Airport transfer,1,619.99,INR,0,1,,2026-08-18T10:00:00+05:30
pcm_aefd932f,pkg_d0cd04dc,guide,,,3,morning,Local guide (half day),1,2110.41,INR,1,1,guide_04dc,2026-08-18T10:00:00+05:30
pcm_c0b28d2e,pkg_d0cd04dc,meal,,,3,morning,Dinner at a local kitchen,1,923.35,INR,1,0,,2026-08-18T10:00:00+05:30
pcm_63cc2e61,pkg_d0cd04dc,entry_ticket,,,4,afternoon,Monument entry tickets,1,252.01,INR,1,0,,2026-08-18T10:00:00+05:30
pcm_aa301fee,pkg_12f36da4,hotel,hotel,htl_13ad06f2,1,morning,Lake Ghat House Boutique Stay,1,4325.81,INR,0,1,hotel_6da4,2026-08-18T10:00:00+05:30
pcm_aabdb362,pkg_12f36da4,poi,poi,poi_8c65234d,1,morning,Riverside Lounge,1,458.10,INR,0,1,poi_6da4,2026-08-18T10:00:00+05:30
pcm_2ed50a9d,pkg_12f36da4,poi,poi,poi_78cfd33b,2,overnight,Spice Market Walk,1,346.14,INR,0,1,poi_6da4,2026-08-18T10:00:00+05:30
pcm_6252e037,pkg_12f36da4,transfer,,,2,evening,Airport transfer,1,1059.56,INR,0,1,,2026-08-18T10:00:00+05:30
pcm_b09dcaee,pkg_12f36da4,guide,,,3,morning,Local guide (half day),1,3884.95,INR,1,1,guide_6da4,2026-08-18T10:00:00+05:30
pcm_cea67de4,pkg_12f36da4,meal,,,3,morning,Dinner at a local kitchen,1,838.47,INR,1,0,,2026-08-18T10:00:00+05:30
pcm_bf9b62f9,pkg_12f36da4,entry_ticket,,,4,morning,Monument entry tickets,1,491.83,INR,1,0,,2026-08-18T10:00:00+05:30
pcm_c99c80f7,pkg_b20c85a6,hotel,hotel,htl_95e7afb1,1,overnight,Royal Sanctuary Suites  ,1,2492.17,INR,0,1,hotel_85a6,2026-08-18T10:00:00+05:30
pcm_2b704b75,pkg_b20c85a6,poi,poi,poi_29010ad1,1,morning,Great Mosque of Lucknow,1,644.71,INR,0,1,poi_85a6,2026-08-18T10:00:00+05:30
pcm_6f9cd935,pkg_b20c85a6,poi,poi,poi_19ef3aca,2,morning,Great Mosque of Lucknow,1,456.47,INR,0,1,poi_85a6,2026-08-18T10:00:00+05:30
pcm_c6734395,pkg_b20c85a6,transfer,,,2,overnight,Airport transfer,1,601.04,INR,0,1,,2026-08-18T10:00:00+05:30
pcm_b0f20518,pkg_b20c85a6,guide,,,3,morning,Local guide (half day),1,2187.32,INR,1,1,guide_85a6,2026-08-18T10:00:00+05:30
pcm_2f525e7a,pkg_b20c85a6,meal,,,3,afternoon,Dinner at a local kitchen,1,869.92,INR,1,0,,2026-08-18T10:00:00+05:30
pcm_01a372fe,pkg_b20c85a6,entry_ticket,,,4,morning,Monument entry tickets,1,254.96,INR,1,0,,2026-08-18T10:00:00+05:30
pcm_1797f92f,pkg_ba6186d5,hotel,hotel,htl_2ca76c96,1,overnight,Riverside Kothi & Spa,1,2282.89,INR,0,1,hotel_86d5,2026-08-18T10:00:00+05:30
pcm_96b66148,pkg_ba6186d5,poi,poi,poi_6431c980,1,morning,Cooking Class at Old Town,1,568.13,INR,0,1,poi_86d5,2026-08-18T10:00:00+05:30
pcm_acba3474,pkg_ba6186d5,poi,poi,poi_fec61450,2,overnight,Jain Temple Complex,1,420.21,INR,0,1,poi_86d5,2026-08-18T10:00:00+05:30
pcm_b2854e97,pkg_ba6186d5,transfer,,,2,afternoon,Airport transfer,1,981.42,INR,0,1,,2026-08-18T10:00:00+05:30
pcm_b6b6d6f3,pkg_ba6186d5,guide,,,3,morning,Local guide (half day),1,2677.64,INR,1,1,guide_86d5,2026-08-18T10:00:00+05:30
pcm_77e3d084,pkg_ba6186d5,meal,,,3,evening,Dinner at a local kitchen,1,599.56,INR,1,0,,2026-08-18T10:00:00+05:30
pcm_80d2a708,pkg_ba6186d5,entry_ticket,,,3,afternoon,Monument entry tickets,1,343.68,INR,1,0,,2026-08-18T10:00:00+05:30
pcm_43098b78,pkg_184f177f,hotel,hotel,htl_17ac7c07,1,afternoon,Indigo Residency Boutique Stay,1,107.88,AED,0,1,hotel_177f,2026-08-18T10:00:00+05:30
pcm_53683eaf,pkg_184f177f,poi,poi,poi_8f09155f,1,evening,Dubai Street Food Lane,1,13.34,AED,0,1,poi_177f,2026-08-18T10:00:00+05:30
pcm_279f729f,pkg_184f177f,poi,poi,poi_34b126e7,2,morning,Cliff Walk,1,11.38,AED,0,1,poi_177f,2026-08-18T10:00:00+05:30
pcm_b8864837,pkg_184f177f,transfer,,,2,afternoon,Airport transfer,1,69.72,AED,0,1,,2026-08-18T10:00:00+05:30
pcm_b6c6dd31,pkg_184f177f,guide,,,3,evening,Local guide (half day),1,173.13,AED,1,1,guide_177f,2026-08-18T10:00:00+05:30
pcm_f42af6a2,pkg_184f177f,meal,,,3,overnight,Dinner at a local kitchen,1,49.08,AED,1,0,,2026-08-18T10:00:00+05:30
pcm_bd4ec713,pkg_184f177f,entry_ticket,,,3,morning,Monument entry tickets,1,15.40,AED,1,0,,2026-08-18T10:00:00+05:30
pcm_16b5202c,pkg_e075dd68,hotel,hotel,htl_c134b947,1,morning,Casa Meadows Heritage,1,4169.72,INR,0,1,hotel_dd68,2026-08-18T10:00:00+05:30
pcm_4859955f,pkg_e075dd68,poi,poi,poi_9f4c8d7a,1,overnight,Textile Museum,1,701.06,INR,0,1,poi_dd68,2026-08-18T10:00:00+05:30
pcm_727bcfc9,pkg_e075dd68,poi,poi,poi_01e251e5,2,overnight,Hot Springs,1,713.41,INR,0,1,poi_dd68,2026-08-18T10:00:00+05:30
pcm_c547d701,pkg_e075dd68,transfer,,,2,morning,Airport transfer,1,673.64,INR,0,1,,2026-08-18T10:00:00+05:30
pcm_9e100c9a,pkg_e075dd68,guide,,,3,overnight,Local guide (half day),1,2470.20,INR,1,1,guide_dd68,2026-08-18T10:00:00+05:30
pcm_9d7005d6,pkg_e075dd68,meal,,,3,overnight,Dinner at a local kitchen,1,1014.94,INR,1,0,,2026-08-18T10:00:00+05:30
pcm_9b724241,pkg_e075dd68,entry_ticket,,,4,overnight,Monument entry tickets,1,212.43,INR,1,0,,2026-08-18T10:00:00+05:30
pcm_84039e0d,pkg_e2cdfb87,hotel,hotel,htl_101afcbe,1,overnight,The Sarovar Inn,1,4016.27,INR,0,1,hotel_fb87,2026-08-18T10:00:00+05:30
pcm_8dbae445,pkg_e2cdfb87,poi,poi,poi_2ddbef11,1,morning,Tea Estate Trail,1,330.24,INR,0,1,poi_fb87,2026-08-18T10:00:00+05:30
pcm_4114b89d,pkg_e2cdfb87,poi,poi,poi_4490728b,2,afternoon,Night Food Bazaar,1,689.09,INR,0,1,poi_fb87,2026-08-18T10:00:00+05:30
pcm_8909646b,pkg_e2cdfb87,transfer,,,2,evening,Airport transfer,1,704.33,INR,0,1,,2026-08-18T10:00:00+05:30
pcm_98358607,pkg_e2cdfb87,guide,,,3,evening,Local guide (half day),1,2092.99,INR,1,1,guide_fb87,2026-08-18T10:00:00+05:30
pcm_4c1d2d75,pkg_e2cdfb87,meal,,,3,morning,Dinner at a local kitchen,1,984.93,INR,1,0,,2026-08-18T10:00:00+05:30
pcm_a8065625,pkg_e2cdfb87,entry_ticket,,,4,afternoon,Monument entry tickets,1,480.95,INR,1,0,,2026-08-18T10:00:00+05:30
pcm_f06c77ce,pkg_43dd9ea7,hotel,hotel,htl_66ddcad3,1,morning,Royal Retreat Homestay,1,3641.60,INR,0,1,hotel_9ea7,2026-08-18T10:00:00+05:30
pcm_79e60ffd,pkg_43dd9ea7,poi,poi,poi_9a9d7e0e,1,afternoon,City Walls Walk,1,435.10,INR,0,1,poi_9ea7,2026-08-18T10:00:00+05:30
pcm_55f5896f,pkg_43dd9ea7,poi,poi,poi_a73142fa,2,morning,Ridge Lookout,1,673.57,INR,0,1,poi_9ea7,2026-08-18T10:00:00+05:30
pcm_cf2d26db,pkg_43dd9ea7,transfer,,,2,evening,Airport transfer,1,1361.89,INR,0,1,,2026-08-18T10:00:00+05:30
pcm_f7e19742,pkg_43dd9ea7,guide,,,3,afternoon,Local guide (half day),1,2053.84,INR,1,1,guide_9ea7,2026-08-18T10:00:00+05:30
pcm_698e4838,pkg_43dd9ea7,meal,,,3,morning,Dinner at a local kitchen,1,768.27,INR,1,0,,2026-08-18T10:00:00+05:30
pcm_f3dd176a,pkg_43dd9ea7,entry_ticket,,,4,afternoon,Monument entry tickets,1,215.07,INR,1,0,,2026-08-18T10:00:00+05:30
pcm_49fb47ae,pkg_4ad80067,hotel,hotel,htl_64d03366,1,evening,Grand Verandah & Spa,1,1009.04,THB,0,1,hotel_0067,2026-08-18T10:00:00+05:30
pcm_290f1892,pkg_4ad80067,poi,poi,poi_c3cf2431,1,afternoon,Royal Cenotaphs,1,321.19,THB,0,1,poi_0067,2026-08-18T10:00:00+05:30
pcm_5d540e2d,pkg_4ad80067,poi,poi,poi_c5ec38ec,2,morning,"Gallery of Modern Art, Bangkok",1,177.82,THB,0,1,poi_0067,2026-08-18T10:00:00+05:30
pcm_614c614f,pkg_4ad80067,transfer,,,2,afternoon,Airport transfer,1,219.10,THB,0,1,,2026-08-18T10:00:00+05:30
pcm_dada179d,pkg_4ad80067,guide,,,3,overnight,Local guide (half day),1,1421.88,THB,1,1,guide_0067,2026-08-18T10:00:00+05:30
pcm_b9ddc34e,pkg_4ad80067,meal,,,3,morning,Dinner at a local kitchen,1,403.38,THB,1,0,,2026-08-18T10:00:00+05:30
pcm_a2958e49,pkg_4ad80067,entry_ticket,,,3,morning,Monument entry tickets,1,174.46,THB,1,0,,2026-08-18T10:00:00+05:30
pcm_fa1110ea,pkg_9a5a8536,hotel,hotel,htl_b7ca8001,1,overnight,Royal Orchard Resort,1,7036.08,JPY,0,1,hotel_8536,2026-08-18T10:00:00+05:30
pcm_c9e6a58f,pkg_9a5a8536,poi,poi,poi_b6e36b7d,1,afternoon,Watchtower Terrace,1,557.18,JPY,0,1,poi_8536,2026-08-18T10:00:00+05:30
pcm_4e19a2e6,pkg_9a5a8536,poi,poi,poi_7dbcbc93,2,overnight,Cliff Walk,1,856.14,JPY,0,1,poi_8536,2026-08-18T10:00:00+05:30
pcm_955b9f59,pkg_9a5a8536,transfer,,,2,morning,Airport transfer,1,2214.59,JPY,0,1,,2026-08-18T10:00:00+05:30
pcm_1753db1c,pkg_9a5a8536,guide,,,3,afternoon,Local guide (half day),1,6235.33,JPY,1,1,guide_8536,2026-08-18T10:00:00+05:30
pcm_2cddb3fe,pkg_9a5a8536,meal,,,3,overnight,Dinner at a local kitchen,1,1561.20,JPY,1,0,,2026-08-18T10:00:00+05:30
pcm_0dfcc47a,pkg_9a5a8536,entry_ticket,,,4,morning,Monument entry tickets,1,726.52,JPY,1,0,,2026-08-18T10:00:00+05:30
pcm_fbc9bf2f,pkg_d0f87f3c,hotel,hotel,htl_623c41c5,1,afternoon,Heritage Kothi Resort,1,4303.17,INR,0,1,hotel_7f3c,2026-08-18T10:00:00+05:30
pcm_d11b780b,pkg_d0f87f3c,poi,poi,poi_b6329778,1,evening,Hilltop Shrine,1,416.31,INR,0,1,poi_7f3c,2026-08-18T10:00:00+05:30
pcm_bdb9a818,pkg_d0f87f3c,poi,poi,poi_27e69b68,2,evening,Zipline Point,1,398.85,INR,0,1,poi_7f3c,2026-08-18T10:00:00+05:30
pcm_20b746ca,pkg_d0f87f3c,transfer,,,2,evening,Airport transfer,1,1023.70,INR,0,1,,2026-08-18T10:00:00+05:30
pcm_b9b4b3f5,pkg_d0f87f3c,guide,,,3,evening,Local guide (half day),1,2816.82,INR,1,1,guide_7f3c,2026-08-18T10:00:00+05:30
pcm_2563fe25,pkg_d0f87f3c,meal,,,3,morning,Dinner at a local kitchen,1,1227.71,INR,1,0,,2026-08-18T10:00:00+05:30
pcm_a60ee003,pkg_d0f87f3c,entry_ticket,,,3,overnight,Monument entry tickets,1,513.86,INR,1,0,,2026-08-18T10:00:00+05:30
